System Cost (€),Annual Energy (kWh),Annual Savings (€),Payback Period (Years)
7500,466.7647555555556,149.3647217777778,50.21266006278489
